total_rewards_pot,unspendable_earned_rewards,total_supply,unclaimed_refunds,epoch,reserves,undistributed_rewards,total_distributed_rewards,treasury,unique_pools_with_blocks,active_epoch_stake,block_count,epoch_fees,treasury_withdrawals,
39869152351293,0,31721802447229607,0,210,13278197552770393,31895321881035,0,16306644182013,0,null,21556,10670212208,0,
39842259004735,0,31729763232684130,500000000,211,13270236767315870,31873807203788,0,24275595982960,0,null,21570,7666346424,0,
39818480834220,0,31737719158318701,0,212,13262280841681299,31854784667376,0,32239292149804,0,6057875150904311,21547,7770532273,0,
39793360411271,0,31752906801646541,500000000,213,13247093198353459,24599199197203,7235489131814,40198464232058,261,10177811974822904,21315,6517886228,0,
39746857813339,0,31769767212055162,500000000,214,13230232787944838,22880869186439,8916617064233,48148335794725,357,12106602864871837,21280,5578218279,0,
38637041656541,53681623,31787013829229797,500000000,215,13212986170770203,21383377570273,9526255754960,55876297807656,371,12758829109784350,21442,7100593256,0,
39157090487879,6105797,31804968361411836,0,216,13195031638588164,21195062577891,10130609812413,63707722011028,397,13382718156097189,21452,7501833746,0,
39593204965038,3251331537,31823471164548627,0,217,13176528835451373,21085543110510,10589020861521,71629614335572,389,13864141914846088,21572,8110049274,0,
38993036256575,1569475612,31842063918678000,0,218,13157936081322000,20395915794387,10798513210873,79429791062499,395,14396547846613762,21217,5935808427,0,
38997644611119,26246301,31860911754266784,0,219,13139088245733216,20144759572582,11053356116314,87229346231023,384,14776118270469741,20728,5075696054,0,
37910588548242,382085727,31879417734190167,500000000,220,13120582265809833,19400443642113,10928027196481,94812346026398,391,14987431249067863,20511,4547068473,0,
38562759571265,635012469,31898449749319746,500000000,221,13101550250680254,19526409433639,11323798223373,102526032953120,399,15657991508072959,21427,4970020516,0,
39309786686828,81723194,31917883649657941,0,222,13082116350342059,19870832137039,11576997212424,110388072013679,410,15859988643309526,21627,5135934788,0,
39102036839382,220034681,31937344043360256,0,223,13062655956639744,19637949649890,11643679821616,118208699416236,414,16064098678859669,21547,3913521858,0,
38657261367356,186824625,31957032094470080,0,224,13042967905529920,18964897542052,11960911551833,125940338514332,407,16371244779824020,21466,4499540105,0,
38356960410641,854878987,31976801612999758,500000000,225,13023198387000242,18583872928664,12101695399849,133613085475447,421,16743231852830277,21374,4423831286,0,
38514642971584,1447420108,31996831643438308,3500000000,226,13003168356561692,18481935444126,12329778933142,141320961489871,428,16980957495734679,21324,4124509016,0,
38224566824008,736512422,32016841492098178,0,227,12983158507901822,18211251364366,12368402094841,148966611367094,440,17096070009862836,21298,4203312194,0,
38525605335480,423535026,32036874707084041,0,228,12963125292915959,18488420163753,12332064104631,156672155969216,449,17208683641999022,21439,4393720890,0,
37363969639523,1290417124,32056711472354810,500000000,229,12943288527645190,17523532066911,12367643644708,164146740314244,448,17260167504454385,21125,4962718967,0,
37519497770590,134512512,32076712863956453,0,230,12923287136043547,17511462946520,12504135269952,171650774380874,428,17348591975630940,21171,6777734939,0,
38146962879963,2693044535,32098625385272120,0,231,12901374614727880,16231817790107,14285752513864,179282860001401,435,19510155416091834,21229,5316818724,0,
38090541835880,2120916713,32120579195010932,500000000,232,12879420804989068,16131684358578,14340749110126,186903589285290,477,19636382936670747,21244,7168655203,0,
37594592404511,4609063942,32142430603068238,0,233,12857569396931762,15736683269470,14338990654139,194427116830134,491,19907907769885462,21089,11110141677,0,
37553593763700,718697439,32164291198456131,0,234,12835708801543869,15683035432901,14359839578059,201938554280313,515,19977393570330784,21149,10681640345,0,
38141499719091,1033531054,32186444412874799,0,235,12813555587125201,15981145753531,14532054021742,209567887755185,537,19917513128733841,21065,8173077946,0,
37263104881213,1097045736,31887392368222411,0,236,13112607631777589,18107605509955,11702878395016,217021605777163,598,20094293921511214,21046,8006069382,0,
38553182725999,23067847049,31907935600968425,0,237,13092064399031575,18024902306211,12817643874589,224755310169411,611,20218109006931644,21203,8115520823,0,
37687633714201,10653807162,31929531570673265,0,238,13070468429326735,16094479740956,14055627230405,232303490719413,651,20387817635424648,20915,7838075567,0,
38993454224934,8128666954,31952093069831618,0,239,13047906930168382,16431116941905,14763646438043,240110310231353,673,20478038471514498,21440,8966791630,0,
38483831224767,1707353263,31974380480485424,0,240,13025619519514576,16186434045027,14600630934787,247808783829569,667,20598560072620853,21245,11693879197,0,
38433885680386,2374913522,31998110454467009,0,241,13001889545532991,14692125499198,16054983045111,255497935879168,678,21356205100359588,21258,14161113125,0,
38773454301493,1937283463,32022167362823214,0,242,12977832637176786,14698414167855,16320349273340,261254564022929,721,21440591255207756,21428,20069060896,2000000000000,
38577090437138,1908792288,32046249202617265,0,243,12953750797382735,14482468754292,16379203595419,268861912841117,711,21632982170761197,21399,14690681083,109978061527,
38621138587537,2735287503,32070433878632723,0,244,12929566121367277,14422292799165,16474618070865,276588875846127,720,21755094259019945,21418,16905060417,0,
38802066557477,2848429142,32094754005538917,0,245,12905245994461083,14471419887049,16570233358933,284352137586764,744,21849089085260375,21586,13368193376,0,
38610569143096,3603882961,32119051134862233,0,246,12880948865137767,14303526909820,16584928404657,292077855298344,740,21956206748623667,21491,13516792921,0,
38636997793616,6603474314,32143485743631948,0,247,12856514256368052,14188947579705,16720650655188,299811858331381,771,22086904770458818,21485,20044918510,0,
38278285179056,3348462022,32167734340624666,0,248,12832265659375334,14001507822783,16621120320462,307469331873040,772,22190441040634090,21327,31528825577,1531956174,
38379417163869,4553579621,32192020500486352,0,249,12807979499513648,14059243023117,16644290707979,315149768885434,804,22275517879395323,21508,38567858687,0,
37946822336775,8341020796,32216074508504190,0,250,12783925491495810,13868468794455,16488989074965,322747474373585,825,22376311335660823,21356,32686545278,0,
37977987355961,15339741056,32240084707111611,0,251,12759915292888389,13942623726453,16439766158316,330358411585833,821,22369166376492895,21376,40504763143,0,
37146972829489,4012014897,32263982814065124,0,252,12736017185934876,13211046334599,16506531928993,337791818166627,858,23034831199285830,20991,41831556274,0,
37738017055966,2342011780,32288214353799045,500000000,253,12711785646200955,13474317801309,16716095843464,345342263589600,864,23028427838128765,21324,34501532516,0,
37204884875427,3555549092,32311723065779970,0,254,12688276934220030,13668969802041,16094938098301,352786796113777,896,22675992136326807,21085,30758641553,0,
36859897339666,2679178593,32334956959700987,500000000,255,12665043040299013,13596202579030,15891715292703,360161954760303,904,22807568628326603,20922,32480018212,0,
36427538093302,2341959700,32358007756923319,0,256,12641992243076681,13335473790638,15806556684004,367449804338663,911,22929461287895664,20713,43609040032,0,
37383286585593,4527574460,32381463809418351,0,257,12618536190581649,13895400745514,16011228522961,374930989230241,929,22753958467474959,21268,36360919507,0,
36941998279091,2215441392,32404430008946955,500000000,258,12595569991053045,13947380279795,15606218343478,382322104327451,937,22488877070796904,21059,30633912084,0,
36489350607504,6630561794,32427146540408492,500000000,259,12572853459591508,13740279146587,15451201339417,389627105010745,951,22670949084364797,20836,39170561174,0,
36745472519494,4040868355,32450091204693163,500000000,260,12549908795306837,13766869996749,15629508018847,396980740382998,983,22760955541834538,21021,37979106429,0,
36292102720518,3443704906,32472935745972369,1000000000,261,12527064254027631,13407222329477,15626459846938,404243604632007,969,22791959380285638,20796,43782816741,0,
36665952557486,4815904913,32496005104877471,0,262,12503994895122529,13554501632383,15778260413606,411581611048417,996,22796009141134396,21047,46907924914,0,
36662465412707,2026804107,32519020131124231,0,263,12480979868875769,13608075606437,15721896723729,418916130935065,976,22716225550169723,21087,41390363617,0,
36777131851889,2505507142,32542115473694351,1000000000,264,12457884526305649,13646313956598,15775391524914,426275062812584,1014,22755688720340301,21194,37980832313,0,
36576425983385,2531382021,32565042085161095,0,265,12434957914838905,13603475503449,15657665283259,433592879391282,997,22726917708873365,21111,48870395213,0,
36545743687231,10436391895,32588145714092062,0,266,12411854285907938,13394773553539,15841821396246,440912464520623,1002,22955953661896809,21127,57777594620,0,
37003302535970,5362716693,32611585536869652,0,267,12388414463130348,13502873520234,16099768508542,448318487744510,1014,23026399223411517,21427,65968954839,0,
36896420874164,9167551329,32634971475554565,1000000000,268,12365028524445435,13451232084310,16065904615022,455707939470671,1012,23083634214117687,21404,68417656270,0,
37147784451852,1978291764,32658481271862226,0,269,12341518728137774,13587267557439,16130960004043,463139474652805,1000,23021654510419471,21702,52698878516,0,
36748179429574,2862591229,32681678108601071,0,270,12318321891398929,13510045369830,15888498173830,470491973129948,1040,22843314790026736,21413,44159912128,0,
36841092962883,5480404330,32704886184416279,0,271,12295113815583721,13596680361635,15876194008672,477865672126854,1010,22786770256604950,21509,41817190370,0,
36571761411863,1049046277,32729219487141464,500000000,272,12270780512858536,13441451377188,15815957752303,485181573455503,1018,22893778548073522,21395,36489177917,0,
36519331717950,1984451338,32752310537233689,500000000,273,12247689462766311,13399463634154,15816001740206,492487924250431,1040,22970909569111347,21410,30802442909,0,
36600853732728,5532220007,32775524076302033,0,274,12224475923697967,13363253673887,15917429312296,499813627216983,1026,23020000415780615,21499,29593210504,0,
36475091364549,1056079078,32798659610089345,0,275,12201340389910655,13308043295412,15872029796228,507109701568970,1030,23075664958746578,21464,32570360903,0,
36498796252115,891089337,32821810004521104,1000000000,276,12178189995478896,13320642009142,15878394992550,514411351908730,1056,23094302016775953,21521,28650900551,0,
36402974005841,2383569805,32844877815045432,0,277,12155122184954568,13308458580584,15813920624089,521694330279703,1061,23006172979540278,21505,29088470734,0,
35985666208346,1720702034,32867735185802204,0,278,12132264814197796,13099876652923,15688656313754,528893184223406,1032,23092420021153886,21298,30139500685,0,
35958547411363,1935806610,32890715183299159,0,279,12109284816700841,12951977564257,15814860364834,530611692658077,1073,23196615273348567,21323,28508156761,5475136854211,
35938881092463,546168963,32913667440643408,1000000000,280,12086332559356592,12959045686685,15792059187286,537801015045532,1056,23196379717228316,21352,28124230492,0,
35957632076151,916900096,32936637337181092,0,281,12063362662818908,12961001209699,15805104451222,544993458360858,1086,23210733595257321,21404,27651228864,0,
35558173716669,2968102624,32959337588353600,1000000000,282,12040662411646400,12829319972117,15617219001219,552109061206815,1070,23230827525683631,21204,31570674668,0,
35836117950586,24988971163,32982237587057970,0,283,12017762412942030,12930910113426,15737984247043,559301273768095,1084,23254470605645231,21411,30198103953,0,
35840116744819,27221520427,33005080086444735,0,284,11994919913555265,12990977589555,15681115806301,566496518637485,1095,23244660857359753,21452,33861288926,0,
35719934666331,1742693946,33027817833801426,0,285,11972182166198574,12935554391289,15640393341776,573642248264697,1075,23277148789435534,21412,48375612297,0,
35831648232465,4898046938,33050654414217368,0,286,11949345585782632,12979703152156,15685615433816,580813475958128,1099,23275724668511213,21517,53114389397,0,
35255327966416,2144085132,33072996333049123,0,287,11927003666950877,12846069109512,15358193263621,587866685636543,1088,23159940155010115,21201,69484110281,0,
35702100700312,3050009793,33095610707522483,500000000,288,11904389292477517,13010659821726,15551020738524,595010655786398,1077,23141094607453731,21504,80116415019,0,
34915142399374,5989024243,33117618880452547,0,289,11882381119547453,12826421711684,15105692207816,601999673290515,1113,23041097075076811,21065,86536781869,0,
34981382763493,6867991788,33139680532518730,0,290,11860319467481270,12826605834320,15158500376475,609002817835001,1110,23136223153988390,21136,99992854778,0,
35018897925494,1395687043,33161853118281413,500000000,291,11838146881718587,12742625356757,15272492983639,616008493107142,1099,23311196777534712,21195,105082493097,0,
35142261518519,2974409551,33184157162220301,0,292,11815842837779699,12752998737085,15360810477731,623039919820396,1116,23253494675755279,21320,88193252097,0,
34979707733383,1402426071,33206309572085375,0,293,11793690427914625,12740191807390,15243574379317,630037263793143,1079,23219858534473043,21261,88508486990,0,
34925274370893,1854806820,33228495612391330,0,294,11771504387608670,12646513564639,15293705932076,637024173474141,1107,23325839206372436,21264,94575307119,0,
34822852951881,2220745720,33250650235236357,500000000,295,11749349764763643,12578440637633,15279841723872,643991464810237,1088,23395112387185878,21243,92010214941,0,
34289184040106,3341842998,33272442585772350,0,296,11727557414227650,12414653955539,15016693276546,650852643461256,1135,23382668673546580,20960,85521391572,0,
34415606179431,3198979449,33294346641601611,0,297,11705653358398389,12436453962595,15096030980950,657738963676591,1117,23411124422164299,21081,78295367024,0,
33972575770947,2791855027,33315980461270295,0,298,11684019538729705,12265567584849,14912493031909,664536270685807,1122,23445774697795279,20849,76580372441,0,
34429400153617,2848444391,33656112930326501,500000000,299,11343887069673499,12421376832050,15122143290844,671319247451273,1139,23478023193513019,21168,78382709752,106251709648,
32932840291686,4195784310,33676945631799527,500000000,300,11323054368200473,12005745218505,14340527014844,677910511293920,1115,23511990337865722,20840,98589384465,0,
33121609372372,2581239443,33697893006830954,0,301,11302106993169046,12052473812680,14444813685218,684275367847493,1112,23564534162883159,20982,124341767708,262046560344,
33405875768852,1592874525,33719282563076624,500000000,302,11280717436923376,11929706202467,14794994412615,690958635875788,1112,23882888816746304,21225,88206195240,0,
32981895048845,2163639493,33740342371238805,0,303,11259657628761195,11827213572254,14558302466822,697557178525050,1151,23857504839454979,20989,97036953903,0,
33360407372888,1952591886,33761530073797651,0,304,11238469926202349,11972377908404,14715947989907,704231212591513,1119,23848572589189307,21203,202279497524,0,
32801099747263,4651396748,33782431257232837,0,305,11217568742767163,11801171852407,14439707945404,710796083937713,1119,23849267970809683,20948,103395856418,0,
33174212251471,3225092766,33803366932262304,1000000000,306,11196633067737696,11933468483948,14605901317229,717435151480773,1115,23856125875170714,21095,308293830822,0,
32851988416609,4839167321,33824240746574389,0,307,11175759253425611,11826748500956,14454842232332,724010388331415,1124,23854747611964258,21025,156264770889,0,
32929262804312,5374793688,33845183759630662,0,308,11154816240369338,11877184845285,14466225398165,730601615685965,1109,23836977371261268,21141,114439696442,0,
32523092913527,4323963810,33865878493803732,0,309,11134121506196268,11705035288812,14313439042010,737110558232480,1106,23854464200396318,20910,127647415455,0,
32629363992064,1670952042,33886652523426901,0,310,11113347476573099,11753193778848,14350297414804,743638101982934,1103,23828103259412320,21033,103811542089,0,
32246184801160,4046670631,33907106263005372,0,311,11092893736994628,11661707217524,14135240623404,750091385613797,1116,23765024934948158,20804,134784675796,0,
32539829475953,10074435103,33927753982173390,0,312,11072246017826610,11785959252508,14245904328255,756609425944090,1119,23777625558169828,21045,116225490530,0,
32540096227515,4092668141,33948368466345328,0,313,11051631533654672,11822062456753,14210014525259,763121537857734,1112,23732237106487225,21090,107642266965,0,
32094691896353,10600358694,33968614580749356,500000000,314,11031385419250644,11723655421641,13952098095442,769551576595698,1081,23741900713307325,20821,135522429378,0,
31234395459353,1905592823,33988299055004511,0,315,11011700944995489,11369249155994,13618267211489,775800361280391,1094,23726880119033853,20267,182577641027,0,
31376652973640,3351514037,34007996390184012,0,316,10992003609815988,11490541649599,13610780729313,782079043389156,1105,23604987896132501,20390,192127658577,0,
31081067608477,2419319940,34027415098892994,0,317,10972584901107006,11394907396139,13469946690643,788297676230791,1095,23537012833083860,20182,269870823296,0,
30947045452872,3646400562,34046772161176999,0,318,10953227838823001,11340866407278,13416769955020,794490731721927,1083,23549369658121787,20141,252763162151,0,
31404929063687,3379223461,34066349127638568,0,319,10933650872361432,11579218273477,13544724977473,800775096758125,1059,23582836244979864,20478,252123552102,0,
31036394384445,3011876219,34085668605164388,0,320,10914331394835612,11486058558035,13343056949521,806985387511233,1045,23583277486361153,20284,233870176809,0,
31187319011414,1288213065,34105094650086820,0,321,10894905349913180,11520404553712,13429450655420,805605092526580,1052,23565309681268636,20414,242157748335,7619047000000,
30926922935785,3783418626,34124387217285203,0,322,10875612782714797,11404585681026,13336952667602,811794260532363,1019,23561047526582598,20284,233553475002,0,
30598992736326,7625984344,34143444450366537,0,323,10856555549633463,11305436580987,13173757608074,816782078123190,1029,23537719498083358,20096,243949058349,1139606940782,
30991340677359,7183276553,34162713384255236,0,324,10837286615744764,11487935127253,13305137414635,822987529535214,1058,23504746248174263,20393,241654937960,0,
31192141188646,11888807426,34182105422485873,0,325,10817894577514127,11585891902583,13367821048334,829237846580369,1111,23487356050894396,20573,226099862852,0,
30838768017726,2007172767,34201243285460572,0,326,10798756714539428,11484795793864,13186218620317,835407607356681,1123,23354498909628269,20380,218116421930,0,
31004956993302,1584905972,34220542616811582,0,327,10779457383188418,11510206565150,13293759029492,841610183661313,1126,23417671451022013,20541,197003983114,0,
30969162519273,2198863312,34239675266895397,0,328,10760324733104603,11611962377606,13163367637813,847806215028479,1091,23301004853802289,20534,226748921164,0,
30636501689119,7636748723,34258602060047673,0,329,10741397939952327,11487727904745,13021473446551,853941152115025,1085,23258804977034064,20346,229617380821,0,
30928212620125,39588530757,34277702081604806,0,330,10722297918395194,11640570891162,13101999204938,860166383169807,1109,23216173396125970,20579,227208702587,0,
30542308884944,2051117562,34297263283873291,0,331,10702736716126709,10750700173118,13683146934838,866276896064357,1102,24598636428762437,20353,232457560903,0,
30964062170324,1662393782,34317128315517847,500000000,332,10682871684482153,10884701439931,13886548296329,872471870892203,1084,24587384093653744,20685,215991479619,0,
30895671882904,2302363903,34337045248695980,0,333,10662954751304020,10804560207369,13911977298955,878653307632686,1132,24665771640296284,20704,176480861305,0,
30410192723681,1180431825,34356649223797810,0,334,10643350776202190,10595581765250,13732572413695,884736526609247,1144,24727842768797003,20391,211816288426,0,
30202929862624,1571663746,34376104493876448,0,335,10623895506123552,10539855369711,13622488520389,890778684245517,1124,24714063915931440,20290,209376078021,0,
30046067534563,2602169871,34395513302217682,500000000,336,10604486697782318,10446940200844,13589913826807,896790999922300,1111,24776127551439804,20232,192921162356,0,
30319624585391,1618067463,34415073679547949,0,337,10584926320452051,10555037268148,13700662400165,902856542906841,1120,24769119181729635,20446,205828054439,0,
30329662231677,3093928046,34434625232042721,0,338,10565374767957279,10589178873449,13674550911893,908925569281222,1106,24767062828320552,20500,192024791502,0,
30686638112732,2016694469,34454413303999486,0,339,10545586696000514,10727334032829,13821976457357,915064913598237,1113,24753443176758479,20794,173248817607,0,
30403103799681,2607704817,34473944916712595,0,340,10526055083287405,10701676853576,13620806186169,921148142062990,1107,24621517986831382,20640,172421937813,0,
30398526731178,3279454131,34493508170997146,0,341,10506491829002854,10670270587943,13648550797000,927231126863356,1123,24682659914204521,20678,168281312815,0,
30322389821351,1782116829,34512850428993006,0,342,10487149571006994,10821911080064,13436000777017,900379780082021,1092,24476700813527397,20670,160002862256,32917606862434,
30331215002891,991463752,34532260334776043,0,343,10467739665223957,10753293085772,13511678916541,906447014546351,1107,24555840771807746,20708,169007597834,0,
30680065641452,1268011287,34551950039958300,0,344,10448049960041700,10827931658620,13716120854542,912584295685928,1121,24660991673767486,20990,163696811862,0,
30627113124001,3486964816,34571529889232597,0,345,10428470110767403,10888410032340,13613280466861,918713205275544,1128,24538091587045780,20994,162340782180,0,
30230849626172,1504019414,34590894254518882,500000000,346,10409105745481118,10729068597198,13455611103740,924761379220192,1113,24602095926151255,20776,138919762103,0,
30524349348098,910043598,34610493128883036,500000000,347,10389506871116964,10805298711036,13614180767443,930867659133409,1112,24677704327308250,21030,121086316506,0,
29810004104533,3948796596,34629622050145468,500000000,348,10370377949854532,10568815366642,13279187916985,936834108750911,1119,24637590261789712,20578,116216272055,0,
27985909771514,981398474,34647588070217298,0,349,10352411929782702,9898150415523,12490577401689,942432272103687,1070,24669825450454874,19345,122720682635,0,
28848859712916,896308140,34666100956875128,500000000,350,10333899043124872,10213077085476,12866010684857,948203440354410,1147,24670614381381442,19978,123792277750,0,
30225893169313,755305302,34685358797299525,0,351,10314641202700475,10843266371518,13337448163933,954249374293574,1100,24435357519567074,20972,125541678700,0,
30139336739831,635426952,34704571713016927,0,352,10295428286983073,10811921143743,13299548248122,960277877068492,1134,24444238585047094,20958,115135305638,0,
30017123415723,562243679,34723669120615378,0,353,10276330879384622,10778485645219,13235213087360,966281863995315,1102,24456415918186222,20893,141792415732,0,
29500654180645,787839800,34742410873495348,0,354,10257589126504652,10625077715849,12975445628667,972182782671244,1103,24441961174746539,20575,134611424626,0,
28945138620419,574481160,34760711207018392,1000000000,355,10239288792981608,10524066403594,12632044492742,977973384876487,1112,24453012636354912,20232,121313174941,0,
29296803315917,4898328980,34779320107539340,0,356,10220679892460660,10546684152273,12890758500461,983837643868650,1117,24463445965412728,20498,146116971676,0,
29689206356142,1324844645,34798251277019007,0,357,10201748722980993,10632052415046,13119312669868,989776809984523,1118,24525857119151547,20825,127309306074,0,
29562252024487,765096394,34817081516934436,0,358,10182918483065564,10616739342213,13033062277377,995690025485814,1107,24492895353990404,20782,116037863239,0,
29389716096243,485528947,34835811030500784,0,359,10164188969499216,10535548247542,12976224629453,1001568454234009,1114,24507422389303698,20692,125139811300,0,
30006549852109,447120533,34854947575480052,0,360,10145052424519948,10748029404505,13257210477183,1007570211324963,1115,24552945219532238,21169,122422588869,0,
29735988426622,1646268405,34873961612858391,0,361,10126038387141609,10609752934605,13179037806693,1013519055278692,1112,24623552540372334,21023,113844382083,0,
29968768118021,860751645,34893100258759102,0,362,10106899741240898,10714338573915,13260675920502,1019513669653941,1138,24636399918286027,21226,116644395040,0,
29934406910345,624137216,34912263037262741,0,363,10087736962737259,10656007342387,13291518185889,1025501175173226,1140,24732308831147809,21242,116245201535,0,
29900884653864,1140637571,34931406630392835,0,364,10068593369607165,10652799486584,13267908236508,1031482492741569,1114,24724295922908154,21266,105632674757,0,
29967961641567,677070374,34950580348962966,0,365,10049419651037034,10698517245823,13275852067431,1037476762140256,1120,24782466023480092,21361,96402895987,0,
29369119152142,857600586,34969499401180518,500000000,366,10030500598819482,10342365600303,13152929721411,1043351943571270,1134,25054390221573067,20964,108558934873,0,
29397392329916,4241403046,34988431994953398,0,367,10011568005046602,10364888753968,13153025109965,1049235663440299,1119,25043681533090900,21027,104151206114,0,
29455073087866,22952311315,35007351299341023,0,368,9992648700658977,10440323169589,13123735300704,1055149630369187,1118,25028585125722443,21098,118397841967,0,
29117956948513,16261179118,35026102954655446,0,369,9973897045344554,10273820189858,13020545368953,1060989482938007,1120,25065995673156592,20902,108742623350,0,
29341099119742,12013596503,35045020830323389,500000000,370,9954979169676611,10327353115769,13145526180025,1066870216358458,1108,25069171797357765,21103,107883932533,0,
29229792469439,5129400328,35063885650257024,0,371,9936114349742976,10242031906047,13141802069505,1072721304252673,1121,25153834365108788,21048,128070030085,0,
29367859600169,17092685387,35082802831914504,0,372,9917197168085496,10314847247915,13179440432221,1078611968858093,1113,25170337993638844,21170,152923380161,0,
29057033411528,18624879402,35101471140918966,0,373,9898528859081034,10250681288935,12994945440288,1084442000419800,1108,25107902330817417,20982,156667997533,0,
29136497246019,14759565657,35120196046736736,0,374,9879803953263264,10291168509319,13018029287497,1090284059434660,1124,25087226705234193,21095,135182484587,0,
29079296191977,5893903219,35138883455092193,0,375,9861116544907807,10264938935829,12998498017753,1056673748569830,1127,25090663550263367,21095,132842803910,39432064006444,
28712582505774,6717194361,35157347935910180,500000000,376,9842652064089820,10140843956126,12829222048494,1062423482265345,1142,25097784395987465,20881,113974926022,0,
28448479585193,10563945520,35175678980413095,0,377,9824321019586905,10019522212139,12739261456016,1068123742127903,1117,25174903471204236,20731,108476815659,0,
28119329487046,13171285422,35193805106494543,500000000,378,9806194893505457,9893182554949,12602281034688,1073761279310734,1104,25272403210023564,20525,113192136071,0,
28751267852843,12876927955,35212260956882153,500000000,379,9787739043117847,10177495914251,12823518368024,1079524909809257,1113,25197315592272395,21014,130798478937,0,
28662045145088,8735449383,35230640457275590,0,380,9769359542724410,10184963714242,12744672401829,1085266054287657,1122,25116738054461618,21006,106316486792,0,
28533260217593,4588273891,35248900140796529,500000000,381,9751099859203471,10168313600311,12658294573764,1090977794605066,1124,25058875481572529,20948,109851370234,0,
28912047871416,9687147833,35267420269664733,0,382,9732579730335267,10295932447025,12833705850108,1096769891327182,1131,25065309972207037,21270,105673704020,0,
28479572682293,11555018595,35285627462326120,500000000,383,9714372537673880,10158611304918,12625046840917,1102477860882235,1127,25090595813788584,20976,125323734583,0,
28703462933734,12760115244,35303937971933676,0,384,9696062028066324,10286791699793,12675978647195,1108231313584225,1128,25079111896910089,21186,118921741629,0,
28276688253905,8048358931,35322101769949668,0,385,9677898230050332,10012657209753,12608693393371,1113894699593937,1110,25226159003727233,20917,108281387091,0,
28339520547682,6486853559,35340386993474848,0,386,9659613006525152,9945778194295,12725838243851,1119569090557032,1130,25363740356767789,20998,115005681766,0,
28534878248406,7375390602,35358786619868497,0,387,9641213380131503,10015060913642,12812841685083,1125283441597315,1132,25388654503848140,21174,127566331717,0,
28120953560215,7554229072,35376761378957493,0,388,9623238621042507,10009721688838,12487041159334,1130915186538430,1107,25107872285168544,20893,144027011453,0,
28281561240069,7824704795,35394996829840557,0,389,9605003170159443,9927029592878,12698219399178,1136579323491238,1130,25418973672435766,21065,126905468922,0,
28391050093626,6802423506,35413306355498413,0,390,9586693644501587,9970670819588,12742169255313,1142264335933469,1116,25427056571856294,21194,117656039688,0,
27825537959653,5444635046,35431262324280969,0,391,9568737675719031,9759014940784,12501415426939,1147834888160445,1110,25480925138421432,20811,115998871359,0,
27915466198114,6034937114,35449292673579924,0,392,9550707326420076,9772868586122,12559504372370,1153424016337181,1128,25522388224360752,20916,118283250151,0,
28114049486955,6796424381,35467426506414566,0,393,9532573493585434,9840618210605,12650621378959,1159053622658953,1139,25528807081252267,21084,146394866089,0,
27380468428994,5903600279,35485065064783483,0,394,9514934935216517,9613293831986,12291080911210,1164535619945030,1117,25527915779761335,20579,134519828370,0,
27625546070711,6291327078,35502866590527217,0,395,9497133409472783,9720107289752,12380329566817,1170067020486250,1136,25470229362739641,20821,110204364303,0,
27208739911069,4973543962,35520414310288992,0,396,9479585689711008,9567612527311,12199379401545,1175513742012425,1101,25488557413704016,20553,98381165945,0,
27786422364516,4958887958,35538184453812492,0,397,9461815546187508,9928371669649,12300766221964,1181075985373286,1130,25227525931327401,21034,92866059325,0,
27921558486282,97839267100,35556027433159651,0,398,9443972566840349,10080482472020,12256764317006,1186758136337642,1125,25227033187950770,21174,95935934203,0,
27643367038681,94805772925,35573698990423251,0,399,9426301009576749,9972103484512,12142590146433,1192381615518303,1117,25226742158734294,21003,94512063494,0,
27833734478299,110070530958,35591462141757748,0,400,9408537858242252,10089046751034,12177940831606,1198058432944920,1145,25191424718540849,21190,91606923726,0,
27502423581262,12344399620,35608886723950956,0,401,9391113276049044,9990128718542,12011810146468,1203571262060792,1129,24933592431810198,20970,100057069132,0,
27579352914789,12666710967,35626240479449523,0,402,9373759520550477,10130526187420,11932956144412,1209099799354716,1113,24723813844048216,21062,107737939769,0,
27268001835900,6538603965,35643358227611215,0,403,9356641772388785,10058372030379,11756029438341,1214559938325861,1144,24624938957043127,20869,98420247794,0,
27538388783517,5234187902,35660688966542098,0,404,9339311033457902,10131040724662,11899670302152,1220072850270466,1128,24636696730207271,21128,81843315874,0,
27190024740696,30175712124,35677745726912213,0,405,9322254273087787,10074279983958,11677739808599,1225541030930729,1129,24548497878810241,20893,89160098747,0,
27049050980769,46894749340,35694617077120696,0,406,9305382922879304,10142754540839,11496486243777,1230997735876222,1113,24344075637969878,20828,81840980787,0,
26992163970132,41465968960,35711298229442595,0,407,9288701770557405,10256747537066,11336983639040,1236437634639208,1103,24343646388238238,20811,95730080127,0,
27122265505279,81573282871,35727842284507638,500000000,408,9272157715492362,10570220565086,11127591839138,1241944161023134,1108,23852951996364236,20954,89563158021,0,
27271490728429,57414740631,35744572183811323,0,409,9255427816188677,10509103339848,11308089242896,1247455873909450,1099,23803294025774958,21107,89902825527,0,
27302848171760,169750953801,35761344982357945,0,410,9238655017642055,10618193995458,11224084541950,1244154789634220,1129,23823562870111690,21176,81606583481,8931404863383,
27059047776527,121546592312,35777697010944326,0,411,9222302989055674,10715595140720,10931643080502,1249688145781837,1129,23308171278006083,21000,112970641738,0,
26957096853398,126153575413,35793946862566752,0,412,9206053137433248,10688867018251,10876810464468,1255205718727929,1102,23407071901315784,20933,144531788134,0,
27499416865911,386158915226,35810438256577758,0,413,9189561743422242,11280215751101,10719317741628,1261091761016337,1106,23152102274859085,21418,113966019030,0,
26877238103024,498331223879,35826527121383363,0,414,9173472878616637,11168959683911,10332830798509,1266965539860820,1101,23113327351010090,20966,117744837387,0,
27227003419097,387691101384,35842779602839862,0,415,9157220397160138,11212243758268,10569358977010,1272798631646023,1093,23094499841875988,21252,149969305714,0,
27146503273582,114874979771,35858591330060522,0,416,9141408669939478,11285152026576,10432050592290,1278342807280510,1070,22295045136549650,21215,164499006117,0,
26612598647010,11436613989,35873953355055755,0,417,9126046644944245,11083318355997,10206760561611,1283676763623901,1076,22038246193166985,20820,178691909769,0,
26968449309950,12205594067,35889872797595577,0,418,9110127202404423,10891652528419,10683106919541,1289082659079958,1108,22759595184076732,21143,169559835776,0,
26638386791842,12833459418,35905661251429976,0,419,9094338748570024,10728523306791,10582186126683,1294423169897744,1125,22842302638514721,20947,134243110070,0,
26728787828133,9698755489,35921478500889435,0,420,9078521499110565,10800968751221,10582061511286,1299778626218859,1112,22760011177229524,21066,120268372942,0,
26210715737155,8546355904,35936967442339515,0,421,9063032557660485,10601440629310,10367131960414,1305029315722194,1117,22729170693675721,20685,128880013669,0,
26133425023139,7863270479,35952377800235109,0,422,9047622199764891,10589527497542,10317212520970,1310263863997300,1108,22735339826891192,20649,141402900482,0,
26407638100365,5644041937,35967965707142738,0,423,9032034292857262,10689770096875,10436340383417,1315551035659310,1108,22754191715164150,20907,135605137798,0,
26522068417897,8947292256,35983607755527840,0,424,9016392244472160,10742947940711,10474706793607,1320864396635145,1124,22738857806901471,21026,146019384340,0,
26328622450936,30081070613,35999133396871426,500000000,425,9000866603128574,10674518216607,10388379744142,1326160702195945,1128,22773418178320278,20898,158543961356,0,
26422865400706,5978613749,36014721873359885,0,426,8985278126640115,10713783930402,10424508390163,1331451253889835,1117,22711253346600455,21035,126583595594,0,
26406838846058,4399221050,36030277985670670,0,427,8969722014329330,10722737698915,10402733377932,1336737020880096,1105,22676707531012130,21054,132388057408,0,
26276139638386,4427520878,36045784123045973,0,428,8954215876954027,10647521406793,10373390303916,1341996676328651,1114,22732516900656160,20990,126908377168,0,
26333550223322,4099029670,36061170836355494,0,429,8938829163644506,10839558187590,10227281991068,1347267485402985,1124,22579357645295976,21085,111377755881,0,
26255891425764,3787687597,36076551300289773,0,430,8923448699710227,10755742512422,10248970628190,1352522451375734,1132,22632865782292962,21049,123472666660,0,
26252770503129,6066193582,36091964625425002,0,431,8908035374574998,10749600059378,10252616343126,1357779071669941,1131,22662176862965439,21105,95911502104,0,
26184791440780,7080257987,36107356400571406,0,432,8892643599428594,10707188169140,10240644983484,1363023110216084,1138,22686201305546085,21089,92908383223,0,
25923270265333,6489363378,36122629654095764,0,433,8877370345904236,10571305852915,10167310359352,1368214253632528,1112,22674711468934312,20920,85200251438,0,
25102951295677,4976429002,36137410585884642,0,434,8862589414115358,10245899334537,9836461702005,1373239820320665,1136,22695615637522079,20294,81096601264,0,
25867622151804,5816272543,36152657252523553,0,435,8847342747476447,10529590185565,10164507535879,1378419161023568,1147,22739705233017050,20936,97181599871,0,
25868397153722,6330033337,36167977941125164,500000000,436,8832022058874836,10473187945412,10221529777566,1383599670487649,1135,22870877219041007,20986,80850640036,0,
25866550967764,4111125672,36183233049326497,0,437,8816766950673503,10534827327062,10158413447150,1388777091806873,1108,22726035890487094,21021,80726565041,0,
26113114677017,3656578963,36198584811423745,0,438,8801415188576255,10688297107440,10202194634174,1394003371321239,1118,22679217241348026,21262,76712051292,0,
26058352430891,3523485254,36213906237638467,0,439,8786093762361533,10664608358474,10182073586239,1399218565292671,1127,22701589918366356,21255,75841342949,0,
25701076419109,4792501493,36229014789875899,0,440,8770985210124101,10502822418143,10058038717145,1404363573077985,1140,22737914126995122,20984,94494265027,0,
25940859910186,4811445603,36244287752866224,500000000,441,8755712247133776,10568490861044,10184197067105,1409557056505625,1122,22801871441552063,21209,104217504420,0,
25795774291990,4841997782,36259372926662512,0,442,8740627073337488,10620115789122,10016503644470,1364721053361805,1101,22514867910780042,21134,95326704362,50000000000000,
25916651161757,4241366444,36274729240533436,0,443,8725270759466564,10470410617320,10262910312086,1369908624960600,1101,22955109945068621,21271,94168039957,0,
25528097388339,5658880956,36289808363507527,0,444,8710191636492473,10352217268582,10070260642090,1375019903319223,1088,22940355522696339,20981,102416026622,0,
25684331608172,40775712002,36305036712019837,0,445,8694963287980163,10407083373757,10140381912781,1380197545352859,1116,22988928834088224,21157,89675434107,0,
25582310742724,20928229910,36320189326908217,0,446,8679810673091783,10345763409101,10120085185079,1385334935731313,1092,23004649208045949,21097,104860675153,0,
25334480272075,20826773148,36335222697087903,0,447,8664777302912097,10226417183996,10041167033664,1390422658558876,1086,23045467808136013,20936,95519681541,0,
25392492286473,15713281042,36350273102307757,0,448,8649726897692243,10254423372770,10059570456409,1395516870297212,1106,23036424585723136,21014,103376974891,0,
25589570557930,12281190126,36365391092903694,0,449,8634608907096306,10379749817472,10091906628872,1400647065598924,1089,23015951543513577,21214,104111334647,0,
25447002602512,11954464516,36380415864982414,0,450,8619584135017586,10332158030597,10025444051413,1405748420583942,1094,22973647281453944,21134,102026957711,0,
25268193128907,6578176984,36395268923435877,0,451,8604731076564123,10323902562235,9890651940891,1410808637386707,1084,22913589651850692,21025,97810290193,0,
25035610914627,6793660896,36410042820424905,0,452,8589957179575095,10179446184673,9849042547029,1415822553230528,1092,22933912927653027,20874,89061401822,0,
25285624256553,10071838141,36424942625351652,0,453,8575057374648348,10295544142064,9932955263179,1420889749919979,1092,22972937519833023,21110,100347025883,0,
25490494790150,12794262031,36439975031086898,0,454,8560024968913102,10349457573643,10042938258477,1426000643140040,1082,22998890880631860,21301,121425743292,0,
25048060589986,14835233374,36454694073673431,0,455,8545305926326569,10174554105101,9863894366888,1431025090491411,1076,22994869891768396,20926,169299131726,0,
25280103063238,12104520345,36469543873581747,0,456,8530456126418253,10276009251066,9948073199525,1436093215624403,1079,22984219844001210,21160,166398424201,0,
25279232970450,8194872306,36484376263574421,0,457,8515623736425579,10290889458495,9932496917865,1441157257090799,1090,22942860543017489,21198,164148391587,0,
24956676558643,12240164902,36498916808907486,0,458,8501083191092514,10281728042809,9683613204106,1446160832567429,1090,22770454070974905,20977,146643347671,0,
25347337081197,12430319005,36513698485298265,0,459,8486301514701735,10412851469840,9865018195118,1451242730302673,1087,22779501708183156,21328,165239539583,0,
24927067712938,10636569603,36528237975525331,500000000,460,8471762024474669,10247610806501,9694043363850,1456239280414863,1090,22765662149259078,21021,150603248974,0,
24808212837437,9537232874,36542697459690434,0,461,8457302540309566,10208763727064,9637806542886,1461210460215224,1106,22738105605272210,20957,149502178144,0,
24656130530990,7850353329,36557079073565339,0,462,8442920926434661,10132445214323,9592459210469,1466149536674751,1081,22775568090705115,20863,149921795091,0,
24444046354379,6811607742,36571363488231123,0,463,8428636511768877,10035663954276,9519573129228,1471045157553368,1084,22777537504728683,20734,130779342061,0,
24623396250067,5376463664,36585743945106525,0,464,8414256054893475,10122985738510,9575731261544,1475975213267045,1096,22803301466429253,20927,125330099819,0,
23955973987683,4530665741,36599737145584593,0,465,8400262854415407,9856396929901,9308382260246,1480770938730322,1087,22790065923096244,20404,110907245455,0,
24302669224374,5042011577,36613928911921048,0,466,8386071088078952,9999032476793,9443102902707,1485636514586773,1084,22806091554047574,20730,116912422703,0,
24428100446129,6440504147,36628205944378420,0,467,8371794055621580,10039696345439,9502784011465,1490528575180145,1078,22819400151950538,20872,117812147465,0,
24450120408327,5876570746,36642477256529735,0,468,8357522743470265,10062765395232,9497330931430,1495424475832556,1073,22806500155574553,20923,121919432526,0,
24677814562657,6852742341,36656916043875219,0,469,8343083956124781,10129896126277,9612355523849,1500366891487428,1072,22879836956660107,21160,115983833237,0,
24805936197887,9837651053,36671429496447383,0,470,8328570503552617,10186119780715,9658629177595,1505337916378058,1079,22882223369631738,21307,116201496061,0,
24717408122173,19086883758,36685854736851092,0,471,8314145263148908,10189734621304,9584191876435,1510300484886250,1089,22839587170009953,21263,121519980918,0,
24742123817462,25784358041,36700287535801468,0,472,8299712464198532,10201700644188,9591998409782,1463134694007783,1099,22861134936826292,21311,133408580939,52140000000000,
24614394167217,25946967232,36714635943040008,0,473,8285364056959992,10155927808866,9535587524908,1468083519808458,1094,22860653065403081,21235,136006087043,0,
24236345404846,16545194513,36728716298964470,0,474,8271283701035530,10048900165820,9340176158057,1472947334083940,1054,22761022830643560,20954,123634509077,0,
24212168905360,12337798114,36742818378513666,0,475,8257181621486334,10016455079824,9353280044464,1477802105663126,1076,22735428098786274,20984,105972074454,0,
24082747353606,11872841533,36756839749984942,0,476,8243160250015058,9990229119263,9275968763622,1482630527975380,1070,22719453098782785,20927,83019604600,0,
24400489782401,11348521886,36771024607588355,0,477,8228975392411645,10128930172232,9391461653689,1487521974453746,1057,22715556235537756,21227,98050528642,0,
24062114812207,14199128225,36785005676862309,0,478,8214994323137691,9993163205176,9256528644590,1492348596544412,1068,22705372932636708,20964,102081461302,0,
24020299648873,12657076823,36798870281388053,0,479,8201129718611947,10074223517217,9142016201882,1497165313551009,1070,22697968340213296,20970,94128682735,0,
24295231154087,13931960165,36812929523020853,0,480,8187070476979147,10151440134652,9284744788618,1502038291741991,1088,22639199712419476,21243,98481346800,0,
24422323928468,18362438550,36827102020956379,0,481,8172897979043621,10179657309600,9358201833175,1506941118966234,1103,22641739799139393,21400,88531121892,0,
24306438558264,13809997446,36841202420119158,0,482,8158797579880842,10135837220057,9309313626555,1511816216675332,1070,22661310740997364,21339,84012172874,0,
24331315133534,12028508459,36855324087164255,0,483,8144675912835745,10145786768549,9319265338279,1516694508210497,1091,22654534217562355,21405,75889828347,0,
24425844815414,4557611423,36869473182105325,0,484,8130526817894675,10205781239756,9334894612576,1521584234785002,1089,22653275811843579,21526,75526246011,0,
24406848689846,5440121562,36883631806182185,0,485,8116368193817815,10178546787087,9346932164790,1526471044644533,1083,22681562360727143,21547,75117947461,0,
24271184514497,6034094265,36897711934961031,0,486,8102288065038969,10118318899797,9298628711801,1531331315641697,1074,22686138659428115,21461,78770930119,0,
23880262334874,6151350413,36911562080799408,500000000,487,8088437919200592,9953100749727,9151109118173,1536114019459084,1079,22695629742500528,21147,83167097183,0,
23902288427810,5277649900,36925434173443842,0,488,8074565826556158,9953634677511,9168196064737,1540899754794546,1086,22706311003437400,21204,81838755765,0,
23665303667885,4584455711,36939171470777851,0,489,8060828529222149,9864084282336,9068158651972,1545637399983834,1088,22710321196091239,21041,68506507251,0,
23799691392372,4269499441,36952989918531440,0,490,8047010081468560,9916005288267,9123747825631,1550401607761749,1091,22700671337272854,21196,69507849957,0,
23848981445201,4654945432,36966827854495262,0,491,8033172145504738,9936692650036,9142492506125,1555176058996221,1085,22705703216591345,21268,79007776775,0,
23666743668390,8712164934,36980576545152970,0,492,8019423454847030,9856348966292,9077045968420,1559918119894833,1092,22734331818384852,21149,70416209324,0,
23319497254386,8678438505,36994116264583690,0,493,8005883735416310,9716376556336,8939221247173,1564590697784215,1104,22736272601621351,20872,72079705835,0,
23639080276866,9162578488,37007766297670487,0,494,7992233702329513,9855286326841,9055977894652,1569327676418076,1065,22732567937784555,21131,142923441716,0,
23432138868266,5438097670,37021269743925419,0,495,7978730256074581,9792692890276,8953018204337,1574019542289399,1085,22744116768308459,20982,141437820728,0,
23670379879603,5827610371,37034995407589992,0,496,7965004592410008,9852879224578,9083424679105,1476619445875690,1085,22756607315444624,21272,97664600823,102140000000000,
23454887920744,6590645743,37048613783370779,0,497,7951386216629221,9761078341128,9002831995468,1481317014105581,1083,22771232974796474,21128,82024444572,0,
23393678662081,11309827748,37062184769148779,0,498,7937815230851221,9744511819652,8970431110013,1486007059665745,1109,22789583284062206,21102,89490892177,0,
23543526304134,9256604270,37075829454137353,0,499,7924170545862647,9829635417562,9005185625746,1490725021530841,1070,22801813336374511,21284,78462502268,0,
23350866650114,8753060893,37089410845922126,0,500,7910589154077874,9711215730046,8969477590046,1495403947921756,1083,22830844849203451,21156,67012196188,0,
23328137814203,5036694635,37102998493684985,0,501,7897001506315015,9683310588269,8979199663094,1500074612179231,1076,22873579013689561,21176,62216157710,0,
23405361116421,7542863545,37116609473746737,0,502,7883390526253263,9734395864483,8989893028654,1504763227266060,1081,22852658455110977,21278,67528053731,0,
23514740291306,7144551145,37130259832211155,0,503,7869740167788845,9803303410225,9008488822820,1509473319875466,1094,22794903139974785,21414,68222967808,0,
22929964180819,72389773647,37143587993987289,0,504,7856412006012711,9618939418552,8725031926104,1514131702485276,1080,22810377476386927,20928,55252759780,0,
23307627113270,75804816571,37157110715033296,0,505,7842889284966704,9810245645029,8835856045587,1518869032724501,1075,22745376906060619,21314,50465238805,0,
22936122334677,75839094508,37170426657961216,0,506,7829573342038784,9645882816192,8703015051550,1523532096285944,1086,22781672667239782,21010,50135685073,0,
23089695520358,4912456603,37183748819455425,0,507,7816251180544575,9714745876891,8757010539396,1528154947846618,1071,22600556855956102,21180,57700605861,0,
23344321588481,5113541655,37197217287027456,0,508,7802782712972544,9821475354554,8853981916231,1532828925705969,1075,22600232613963850,21449,59492203551,0,
22660717752298,15886678026,37210190002600791,0,509,7789809997399209,9587794546075,8540779655764,1537376975934454,1037,22567839323083531,20803,116094310914,0,
22840434642863,2620991311,37223317442274257,0,510,7776682557725743,9622508428305,8649839285986,1541947683854337,1026,22586623335121436,21025,93107532403,0,
22938508329381,2575180074,37236533465102631,0,511,7763466534897369,9655399545412,8695407118093,1546537960700287,1057,22610003947264705,21173,69661135669,0,
22894209227167,3336346625,37249652180842440,0,512,7750347819157560,9646673183438,8668694198296,1551120138892345,1062,22588758523424195,21110,132156650545,0,
22818629037025,4102765819,37262761152364344,500000000,513,7737238847635656,9647784279127,8607118950493,1555688467465569,1076,22637728145881961,21137,65976001813,0,
22847953140305,16029200954,37275885933789460,0,514,7724114066210540,9670968483085,8607394029159,1560274087294584,1061,22656152037291989,21198,68232433058,0,
23069484734022,5396898745,37289159188464876,0,515,7710840811535124,9748929347016,8706658440202,1564893381140133,1041,22686595602651204,21455,52697610335,0,
22880513973757,6808318188,37302318039474954,0,516,7697681960525046,9669904210028,8634506968978,1569476292253072,1034,22671216420970964,21310,58567071839,0,
22692961835647,12342281429,37315284948833210,0,517,7684715051166790,9678756132105,8475613336413,1574027226901630,1062,22476173550896677,21170,59638626715,0,
22734549691906,18620636574,37328275116753567,0,518,7671724883246433,9697294795624,8490344957901,1578592757476585,1064,22493985848363256,21239,65707612499,0,
23006857263099,24994866528,37341418264094255,0,519,7658581735905745,9819239409401,8586246401079,1583319123795732,1064,22481238040040453,21527,69465379538,0,
22515428887549,22929285800,37354231276991720,0,520,7645768723008280,9652751950262,8359591159778,1587845138859041,1054,22380307136018118,21099,72593325622,0,
22268792500854,32743869773,37366905999222313,0,521,7633094000777687,9554113007002,8260920993682,1592331641228984,1041,22355453996921236,20902,72701133032,0,
22514697276033,35862717249,37379697136226048,0,522,7620302863773952,9634074630517,8377683190310,1596870443401439,1053,22411934449129259,21119,125348359030,0,
22348814616022,26824778947,37392389252923799,0,523,7607610747076201,9557416307676,8321635385142,1601367031103590,1045,22423816005469061,20997,126106389542,0,
22350459410469,30240938411,37404996776693279,0,524,7595003223306721,9592562821035,8287804707341,1605867363924094,1044,22331739656036658,20982,180613758365,0,
22123973872944,35683244627,37417402733976435,0,525,7582597266023565,9552913737857,8146265360499,1610327841943309,1044,22226152478286832,20783,200786096558,0,
22428253946009,31533535595,37429983254699396,0,526,7570016745300604,9700670095867,8241933060941,1614845026268105,1041,22138381507576587,21127,178596662776,0,
22272800503926,27041467867,37442369580560329,0,527,7557630419439671,9702057463412,8116182939729,1619326627836757,1041,21944929264932197,20983,211458647448,0,
22149136126314,21486214554,37454698181682816,0,528,7545301818317184,9652000144105,8067308756947,1623777941276573,1031,21924175535465161,20920,190021074276,0,
22119431158417,16831565890,37466991944433389,0,529,7533008055566611,9684088940963,8011455985771,1628218659074146,1033,21802449607298101,20956,158411032771,0,
22427698651132,12618445755,37479456608565068,0,530,7520543391434932,9843565656315,8098593264591,1632716817250127,1051,21737769803656856,21310,132087308893,0,
22347481520704,13510124378,37491877898471801,0,531,7508122101528199,9825871138489,8052114078075,1637199823678645,1051,21717339085152952,21286,113830599860,0,
22219241434621,12657219261,37504226088414627,0,532,7495773911585373,9780058044380,7995335103317,1641656329184830,1038,21697209082962923,21208,103650666676,0,
22325068854129,14096931455,37516667945629674,0,533,7483332054370326,9789921806289,8070133277015,1646135439887110,1037,21804749802154928,21341,107386764248,0,
22418381512124,12869743214,37529180996997008,0,534,7470819003002992,9826131689759,8108573519941,1650631985932748,1030,21817460645661093,21481,92068198245,0,
22261264531606,12654723940,37541569895383856,0,535,7458430104616144,9787186046000,8021825579285,1655096893563009,1044,21783994147298654,21360,97834822698,0,
22409951751368,10939919901,37554032144130493,0,536,7445967855869507,9823499859314,8104461541781,1659589823833183,1035,21814492372711965,21503,135143065318,0,
22044760749010,8337190772,37566305694085858,0,537,7433694305914142,9676606679571,7959201919637,1664007113173757,1020,21798903569417910,21217,102941304846,0,
22388272922723,9899504567,37578769289895571,0,538,7421230710104429,9841191867341,8069426470838,1668494667262868,1040,21765141117698004,21594,93384750236,0,
