GROUP,PACKAGE,CLASS,INSTRUCTION_MISSED,INSTRUCTION_COVERED,BRANCH_MISSED,BRANCH_COVERED,LINE_MISSED,LINE_COVERED,COMPLEXITY_MISSED,COMPLEXITY_COVERED,METHOD_MISSED,METHOD_COVERED
cf-rewards-validation/cf-rewards-calculation,org.cardanofoundation.rewards.calculation.util,BigNumberUtils,184,142,2,10,27,22,28,26,26,22
cf-rewards-validation/cf-rewards-calculation,org.cardanofoundation.rewards.calculation.util,Ratio,43,132,6,6,8,30,8,11,3,10
cf-rewards-validation/cf-rewards-calculation,org.cardanofoundation.rewards.calculation.enums,MirPot,0,15,0,0,0,2,0,1,0,1
cf-rewards-validation/cf-rewards-calculation,org.cardanofoundation.rewards.calculation.config,NetworkConfig,195,66,4,1,67,23,7,2,3,2
cf-rewards-validation/cf-rewards-calculation,org.cardanofoundation.rewards.calculation,TreasuryCalculation,44,242,10,20,15,64,10,10,1,4
cf-rewards-validation/cf-rewards-calculation,org.cardanofoundation.rewards.calculation,EpochCalculation,28,443,9,27,6,109,8,15,1,4
cf-rewards-validation/cf-rewards-calculation,org.cardanofoundation.rewards.calculation,DepositsCalculation,30,0,0,0,7,0,3,0,3,0
cf-rewards-validation/cf-rewards-calculation,org.cardanofoundation.rewards.calculation,PoolRewardsCalculation,9,407,4,34,4,110,5,22,1,7
cf-rewards-validation/cf-rewards-calculation,org.cardanofoundation.rewards.calculation.domain,RetiredPool,33,14,10,0,4,1,6,1,1,1
